pathway,family,image_feature,partial_spearman_rho,abs_partial_spearman_rho,p_value,n_observations,covariates,fdr,rank,permutation_empirical_p,null_abs_rho_q95,null_abs_rho_q99,passes_spatial_null_95,passes_spatial_null_99,negative_control_empirical_p,negative_control_abs_rho_q95,negative_control_abs_rho_q99,passes_negative_control_95,passes_negative_control_99
basal_squamous_state,endocrine_epithelial_identity,embedding__plip_033,0.24249986666114048,0.24249986666114048,0.0020715062141027024,159,"structure,x,y,boundary_distance,log_total_counts",0.3341356039082156,1,0.1111111111111111,0.09673012951189015,0.10131359496386932,True,True,0.1111111111111111,0.17101815496082018,0.1735894894959,True,True
immune_activation,immune_ecology,embedding__plip_053,-0.18525695975822468,0.18525695975822468,0.019395349283618246,159,"structure,x,y,boundary_distance,log_total_counts",0.45034900180787263,26,,,,,,,,,,
emt_invasive_front,invasion_boundary_emt,embedding__plip_033,-0.2090060787989746,0.2090060787989746,0.008194758614898963,159,"structure,x,y,boundary_distance,log_total_counts",0.3341356039082156,13,,,,,,,,,,
oxidative_phosphorylation,metabolic_stress,embedding__plip_033,0.2289153672796143,0.2289153672796143,0.0037034021163956776,159,"structure,x,y,boundary_distance,log_total_counts",0.3341356039082156,3,0.1111111111111111,0.11906161652458287,0.12333018507994367,True,True,0.1111111111111111,0.08985969602176341,0.09070706251701113,True,True
collagen_ecm_organization,stromal_remodeling_caf_ecm,embedding__plip_039,0.22331125869868051,0.22331125869868051,0.004662793243387455,159,"structure,x,y,boundary_distance,log_total_counts",0.3341356039082156,4,0.1111111111111111,0.14398132333331254,0.1624326755077768,True,True,0.1111111111111111,0.07025397721686825,0.07523628505208312,True,True
