pathway,family,image_feature,partial_spearman_rho,abs_partial_spearman_rho,p_value,n_observations,covariates,fdr,rank,permutation_empirical_p,null_abs_rho_q95,null_abs_rho_q99,passes_spatial_null_95,passes_spatial_null_99,negative_control_empirical_p,negative_control_abs_rho_q95,negative_control_abs_rho_q99,passes_negative_control_95,passes_negative_control_99
epithelial_identity,endocrine_epithelial_identity,embedding__plip_007,-0.17511539733343368,0.17511539733343368,0.004706611826745934,259,"structure,x,y,boundary_distance,log_total_counts",0.5020385948528997,6,0.07692307692307693,0.10459283389098385,0.12835714536017684,True,True,0.07692307692307693,0.11671093954214154,0.11825181573051269,True,True
immune_activation,immune_ecology,embedding__plip_037,-0.19838406314223672,0.19838406314223672,0.0013310373103028294,259,"structure,x,y,boundary_distance,log_total_counts",0.5020385948528997,1,0.07692307692307693,0.12000897036762888,0.14916994143008566,True,True,0.07692307692307693,0.1315642894054766,0.13785626688857244,True,True
emt_invasive_front,invasion_boundary_emt,embedding__plip_021,-0.1256042548970324,0.1256042548970324,0.04342107220523414,259,"structure,x,y,boundary_distance,log_total_counts",0.7162968387584814,35,,,,,,,,,,
oxidative_phosphorylation,metabolic_stress,embedding__plip_007,0.18096645930440658,0.18096645930440658,0.00347278662804977,259,"structure,x,y,boundary_distance,log_total_counts",0.5020385948528997,3,0.07692307692307693,0.08715504127904077,0.11237241698914058,True,True,0.07692307692307693,0.11458413113716652,0.1377428672928977,True,True
myofibroblast_caf_activation,stromal_remodeling_caf_ecm,embedding__plip_055,-0.1755415765943586,0.1755415765943586,0.004604936613380127,259,"structure,x,y,boundary_distance,log_total_counts",0.5020385948528997,5,0.07692307692307693,0.10378534630259723,0.130982021355675,True,True,0.07692307692307693,0.10286358218835275,0.10696675973044231,True,True
