pathway,family,image_feature,partial_spearman_rho,abs_partial_spearman_rho,p_value,n_observations,covariates,fdr,rank,permutation_empirical_p,null_abs_rho_q95,null_abs_rho_q99,passes_spatial_null_95,passes_spatial_null_99,negative_control_empirical_p,negative_control_abs_rho_q95,negative_control_abs_rho_q99,passes_negative_control_95,passes_negative_control_99
epithelial_identity,endocrine_epithelial_identity,image__he_eosin_proxy,0.030549295347988777,0.030549295347988777,0.1267467751900558,2500,"structure,x,y,boundary_distance,log_total_counts",0.8157664964464107,7,0.2222222222222222,0.03665376806210851,0.03951776519246927,False,False,0.2222222222222222,0.03266649508847427,0.03465537477708793,False,False
immune_activation,immune_ecology,image__he_local_contrast,0.027182947334830596,0.027182947334830596,0.1742357464011117,2500,"structure,x,y,boundary_distance,log_total_counts",0.8157664964464107,9,0.3333333333333333,0.03198860288450507,0.03218622802905585,False,False,0.3333333333333333,0.03554401212558411,0.03850012908439762,False,False
emt_invasive_front,invasion_boundary_emt,image__he_eosin_proxy,-0.04123366722217149,0.04123366722217149,0.03925259904710522,2500,"structure,x,y,boundary_distance,log_total_counts",0.8157664964464107,1,0.1111111111111111,0.029670225549512066,0.03199202010772567,True,True,0.1111111111111111,0.027840216888847014,0.028900008093354614,True,True
oxidative_phosphorylation,metabolic_stress,image__he_eosin_proxy,-0.020575312038391195,0.020575312038391195,0.303780538032594,2500,"structure,x,y,boundary_distance,log_total_counts",0.8157664964464107,23,,,,,,,,,,
myofibroblast_caf_activation,stromal_remodeling_caf_ecm,image__he_eosin_proxy,0.032921609335040396,0.032921609335040396,0.09982485729210325,2500,"structure,x,y,boundary_distance,log_total_counts",0.8157664964464107,6,0.3333333333333333,0.04376956185774821,0.046088979691382786,False,False,0.1111111111111111,0.026511250799851425,0.029963603889828237,True,True
