pathway,family,image_feature,partial_spearman_rho,abs_partial_spearman_rho,p_value,n_observations,covariates,fdr,rank,permutation_empirical_p,null_abs_rho_q95,null_abs_rho_q99,passes_spatial_null_95,passes_spatial_null_99,negative_control_empirical_p,negative_control_abs_rho_q95,negative_control_abs_rho_q99,passes_negative_control_95,passes_negative_control_99
luminal_estrogen_response,endocrine_epithelial_identity,embedding__plip_032,-0.23983932909976308,0.23983932909976308,0.002403573082684667,158,"structure,x,y,boundary_distance,log_total_counts",0.6242094144361269,1,0.1111111111111111,0.1431601948820148,0.14878665289295157,True,True,0.1111111111111111,0.1344421453639906,0.14928483418366828,True,True
immune_exclusion,immune_ecology,embedding__plip_060,-0.23580120424209952,0.23580120424209952,0.002857965020218197,158,"structure,x,y,boundary_distance,log_total_counts",0.6242094144361269,2,0.1111111111111111,0.16815853133240516,0.18828420374432542,True,True,0.1111111111111111,0.10855251340723725,0.10941396053988085,True,True
emt_invasive_front,invasion_boundary_emt,embedding__plip_056,-0.18984741807340788,0.18984741807340788,0.016886642697459563,158,"structure,x,y,boundary_distance,log_total_counts",0.7461134847774464,14,,,,,,,,,,
oxidative_phosphorylation,metabolic_stress,embedding__plip_012,0.17445904257294836,0.17445904257294836,0.028354628404971795,158,"structure,x,y,boundary_distance,log_total_counts",0.7809137247739173,20,,,,,,,,,,
myofibroblast_caf_activation,stromal_remodeling_caf_ecm,embedding__plip_013,-0.2026259576652174,0.2026259576652174,0.010671128092189782,158,"structure,x,y,boundary_distance,log_total_counts",0.682952197900146,10,0.1111111111111111,0.14133129807705463,0.14188624531093577,True,True,0.1111111111111111,0.11590357512028394,0.12548517757701366,True,True
