pathway,family,image_feature,partial_spearman_rho,abs_partial_spearman_rho,p_value,n_observations,covariates,fdr,rank,permutation_empirical_p,null_abs_rho_q95,null_abs_rho_q99,passes_spatial_null_95,passes_spatial_null_99,negative_control_empirical_p,negative_control_abs_rho_q95,negative_control_abs_rho_q99,passes_negative_control_95,passes_negative_control_99
epithelial_identity,endocrine_epithelial_identity,embedding__plip_007,-0.32934765641160174,0.32934765641160174,8.501262078535946e-05,137,"structure,x,y,boundary_distance,log_total_counts",0.05440807730263005,1,0.030303030303030304,0.13336068558717296,0.1833127612118062,True,True,0.030303030303030304,0.14791196613115035,0.23117203298665484,True,True
immune_exclusion,immune_ecology,embedding__plip_059,-0.257441275773818,0.257441275773818,0.0023892623389772947,137,"structure,x,y,boundary_distance,log_total_counts",0.19081393331874147,5,0.030303030303030304,0.1465474938795091,0.17562920263041226,True,True,0.030303030303030304,0.1378290153994744,0.15870910039303027,True,True
emt_invasive_front,invasion_boundary_emt,embedding__plip_026,0.1952827932549816,0.1952827932549816,0.022204767331630557,137,"structure,x,y,boundary_distance,log_total_counts",0.3466110022498428,41,,,,,,,,,,
unfolded_protein_response,metabolic_stress,embedding__plip_055,-0.269568749533504,0.269568749533504,0.0014450679635702997,137,"structure,x,y,boundary_distance,log_total_counts",0.19081393331874147,4,0.030303030303030304,0.152377277863368,0.19479046378170772,True,True,0.030303030303030304,0.18869326726780777,0.2234797281560158,True,True
myofibroblast_caf_activation,stromal_remodeling_caf_ecm,embedding__plip_008,-0.2777619684401649,0.2777619684401649,0.0010153270070639615,137,"structure,x,y,boundary_distance,log_total_counts",0.19081393331874147,3,0.030303030303030304,0.14655176321827817,0.19772714229975175,True,True,0.030303030303030304,0.20312162400570416,0.21596905451094725,True,True
