pathway,family,image_feature,partial_spearman_rho,abs_partial_spearman_rho,p_value,n_observations,covariates,fdr,rank,permutation_empirical_p,null_abs_rho_q95,null_abs_rho_q99,passes_spatial_null_95,passes_spatial_null_99,negative_control_empirical_p,negative_control_abs_rho_q95,negative_control_abs_rho_q99,passes_negative_control_95,passes_negative_control_99
basal_squamous_state,endocrine_epithelial_identity,morphology__transcript_density_log1p,0.5136811877815927,0.5136811877815927,2.0860364383434902e-168,2500,"structure,x,y,boundary_distance,log_total_counts",1.251621863006094e-166,1,0.1111111111111111,0.022196887387361846,0.023695437727733564,True,True,0.1111111111111111,0.15288287228804415,0.15808933185372318,True,True
immune_exclusion,immune_ecology,morphology__transcript_density_log1p,-0.3746178988269487,0.3746178988269487,4.0126291166175015e-84,2500,"structure,x,y,boundary_distance,log_total_counts",4.815154939941002e-83,5,0.1111111111111111,0.04111325288937453,0.04419267361633364,True,True,0.1111111111111111,0.2193419664086426,0.22090209626401752,True,True
emt_invasive_front,invasion_boundary_emt,morphology__transcript_density_log1p,-0.30328383745498066,0.30328383745498066,2.399255831684428e-54,2500,"structure,x,y,boundary_distance,log_total_counts",1.5995038877896186e-53,9,0.1111111111111111,0.03249524073968635,0.03601883439718613,True,True,0.1111111111111111,0.13568929498855203,0.14302483947828107,True,True
oxidative_phosphorylation,metabolic_stress,morphology__transcript_density_log1p,0.15371358495643267,0.15371358495643267,1.0941801554206479e-14,2500,"structure,x,y,boundary_distance,log_total_counts",3.1262290154875656e-14,21,,,,,,,,,,
collagen_ecm_organization,stromal_remodeling_caf_ecm,morphology__transcript_density_log1p,-0.4050952971966904,0.4050952971966904,2.3119980648121006e-99,2500,"structure,x,y,boundary_distance,log_total_counts",4.6239961296242005e-98,3,0.1111111111111111,0.033963551950447035,0.03504990118258561,True,True,0.1111111111111111,0.24690417735807352,0.2890989789182281,True,True
