axis_id	cell_label_perm_status	cell_label_comm_prob	cell_label_perm_mean	cell_label_perm_sd	cell_label_perm_z	cell_label_perm_p	cell_label_perm_n	cell_label_perm_fdr
VWF-SELP|Endothelial Cells->Endothelial Cells	success	4.933703899383545	0.02757341218739748	0.002595310303671029	1890.383003626386	0.001996007984031936	500	0.001996007984031936
VWF-LRP1|Endothelial Cells->CAFs, DCIS Associated	success	17.3447265625	0.2998358674645424	0.016262341095952152	1048.1203533037499	0.001996007984031936	500	0.001996007984031936
MMRN2-CD93|Endothelial Cells->Endothelial Cells	success	1.1805951595306396	0.008823287986218929	0.0006422116967277436	1824.588180992251	0.001996007984031936	500	0.001996007984031936
DLL4-NOTCH3|Endothelial Cells->Pericytes	success	1.1344451904296875	0.022496088080108164	0.0018236492093399003	609.7384829575133	0.001996007984031936	500	0.001996007984031936
CXCL12-CXCR4|CAFs, DCIS Associated->T Lymphocytes	success	3.3160109519958496	0.08272893443703651	0.004327497961377857	747.1481318801938	0.001996007984031936	500	0.001996007984031936
CD48-CD2|T Lymphocytes->T Lymphocytes	success	0.2793356776237488	0.0026596546296495946	0.00022015248609680323	1256.7472114416275	0.001996007984031936	500	0.001996007984031936
JAG1-NOTCH2|11q13 Invasive Tumor Cells->11q13 Invasive Tumor Cells	success	2.0622618198394775	0.7131924320459366	0.005215585602508038	258.6611534368852	0.001996007984031936	500	0.001996007984031936
