axis_id	downstream_status	downstream_target_genes_present	downstream_target_score	downstream_target_null_mean	downstream_target_null_sd	downstream_target_z	downstream_target_p	downstream_target_gene_panel	downstream_target_fdr
VWF-SELP|Endothelial Cells->Endothelial Cells	success	6	6.738417175908883	1.0064762527795716	1.4133941349379884	4.055444112466758	0.019417475728155338	VWF,SELP,ANGPT2,THBD,PLAT,SERPINE1	0.027184466019417475
VWF-LRP1|Endothelial Cells->CAFs, DCIS Associated	success	7	2.588202246597835	0.41110825241499005	0.5784531172302644	3.763648132120292	0.02497027348394768	VWF,LRP1,HSPG2,COL4A1,COL4A2,MMP2,THBS2	0.029131985731272295
MMRN2-CD93|Endothelial Cells->Endothelial Cells	success	7	11.116392135620117	1.047396860657526	1.5327809936425985	6.56910238104792	0.0023781212841854932	MMRN2,CD93,CLEC14A,KDR,FLT1,PECAM1,EMCN	0.008323424494649227
DLL4-NOTCH3|Endothelial Cells->Pericytes	success	8	2.61274266988039	0.5068325942343411	0.5551530740828993	3.7933863180438414	0.014568158168574402	DLL4,NOTCH3,NOTCH4,JAG1,HEY1,HES1,PDGFRB,RGS5	0.025494276795005204
CXCL12-CXCR4|CAFs, DCIS Associated->T Lymphocytes	success	8	6.800970241427422	1.15657870703144	1.2287697052997264	4.59353083824538	0.012486992715920915	CXCL12,CXCR4,CXCR3,CCL19,CCL21,CD3D,CD3E,IL7R	0.025494276795005204
CD48-CD2|T Lymphocytes->T Lymphocytes	success	7	11.544674396514893	1.0685981322434686	1.2195936012363278	8.589809141054532	0.0023781212841854932	CD48,CD2,CD3D,CD3E,TRAC,IL7R,LCK	0.008323424494649227
JAG1-NOTCH2|11q13 Invasive Tumor Cells->11q13 Invasive Tumor Cells	success	7	1.5110729336738586	1.5341725096816108	0.3373003415056495	-0.06848370180901593	0.6076099881093936	JAG1,NOTCH2,NOTCH1,HES1,HEY1,MYC,CCND1	0.6076099881093936
