method	auroc	auprc	precision_at_5	recall_at_5	f1_at_5
TopoLink-CCI	0.9919354838709676	0.8333333333333333	0.4	1.0	0.5714285714285715
expression_only	0.9838709677419356	0.8333333333333333	0.4	1.0	0.5714285714285715
contact_only	0.9919354838709676	0.8333333333333333	0.4	1.0	0.5714285714285715
topology_anchor_only	0.9838709677419356	0.5833333333333333	0.4	1.0	0.5714285714285715
