pathway,family,image_feature,partial_spearman_rho,abs_partial_spearman_rho,p_value,n_observations,covariates,fdr,rank,permutation_empirical_p,null_abs_rho_q95,null_abs_rho_q99,passes_spatial_null_95,passes_spatial_null_99,negative_control_empirical_p,negative_control_abs_rho_q95,negative_control_abs_rho_q99,passes_negative_control_95,passes_negative_control_99
epithelial_identity,endocrine_epithelial_identity,embedding__plip_007,-0.17511539733343368,0.17511539733343368,0.004706611826745934,259,"structure,x,y,boundary_distance,log_total_counts",0.7530578922793495,8,0.07692307692307693,0.13579649237456662,0.145709373268555,True,True,0.07692307692307693,0.13245257172291117,0.16047274528209293,True,True
immune_activation,immune_ecology,embedding__plip_037,-0.19838406314223672,0.19838406314223672,0.0013310373103028294,259,"structure,x,y,boundary_distance,log_total_counts",0.7530578922793495,1,0.07692307692307693,0.12000897036762888,0.14916994143008566,True,True,0.07692307692307693,0.1315642894054766,0.13785626688857244,True,True
emt_invasive_front,invasion_boundary_emt,embedding__plip_021,-0.1256042548970324,0.1256042548970324,0.04342107220523414,259,"structure,x,y,boundary_distance,log_total_counts",0.7581864963607864,68,,,,,,,,,,
oxidative_phosphorylation,metabolic_stress,embedding__plip_007,0.18096645930440658,0.18096645930440658,0.00347278662804977,259,"structure,x,y,boundary_distance,log_total_counts",0.7530578922793495,5,0.07692307692307693,0.12328393489257787,0.146823901472676,True,True,0.07692307692307693,0.12619885357748656,0.15450433297704672,True,True
myofibroblast_caf_activation,stromal_remodeling_caf_ecm,embedding__plip_055,-0.1755415765943586,0.1755415765943586,0.004604936613380127,259,"structure,x,y,boundary_distance,log_total_counts",0.7530578922793495,7,0.07692307692307693,0.11846343154544732,0.13108420798596754,True,True,0.07692307692307693,0.10124711167523193,0.11208121193327233,True,True
