pathway,family,image_feature,partial_spearman_rho,abs_partial_spearman_rho,p_value,n_observations,covariates,fdr,rank,permutation_empirical_p,null_abs_rho_q95,null_abs_rho_q99,passes_spatial_null_95,passes_spatial_null_99,negative_control_empirical_p,negative_control_abs_rho_q95,negative_control_abs_rho_q99,passes_negative_control_95,passes_negative_control_99
epithelial_identity,endocrine_epithelial_identity,embedding__plip_007,-0.32934765641160174,0.32934765641160174,8.501262078535946e-05,137,"structure,x,y,boundary_distance,log_total_counts",0.05440807730263005,1,0.07692307692307693,0.1678152808780821,0.19622732815657615,True,True,0.07692307692307693,0.11657388138478468,0.1369349666638266,True,True
immune_exclusion,immune_ecology,embedding__plip_059,-0.257441275773818,0.257441275773818,0.0023892623389772947,137,"structure,x,y,boundary_distance,log_total_counts",0.19081393331874147,5,0.07692307692307693,0.1889080097885816,0.2426236186861289,True,True,0.07692307692307693,0.13879963692326663,0.14308765750017244,True,True
emt_invasive_front,invasion_boundary_emt,embedding__plip_026,0.1952827932549816,0.1952827932549816,0.022204767331630557,137,"structure,x,y,boundary_distance,log_total_counts",0.3466110022498428,41,,,,,,,,,,
unfolded_protein_response,metabolic_stress,embedding__plip_055,-0.269568749533504,0.269568749533504,0.0014450679635702997,137,"structure,x,y,boundary_distance,log_total_counts",0.19081393331874147,4,0.07692307692307693,0.16455393892411285,0.1687747451038135,True,True,0.07692307692307693,0.17601391149282664,0.19275665264571262,True,True
myofibroblast_caf_activation,stromal_remodeling_caf_ecm,embedding__plip_008,-0.2777619684401649,0.2777619684401649,0.0010153270070639615,137,"structure,x,y,boundary_distance,log_total_counts",0.19081393331874147,3,0.07692307692307693,0.17244817716981975,0.2185662763037287,True,True,0.07692307692307693,0.15130855900519674,0.1747074762666859,True,True
