name,n_geometries,min_x,min_y,max_x,max_y
protein_cluster_contours,1121,7.013298,15.480995,53990.459559,27318.347886
gene_cluster_contours,778,7.013298,15.480995,53990.459559,27318.347886
