pathway,family,image_feature,partial_spearman_rho,abs_partial_spearman_rho,p_value,n_observations,covariates,fdr,rank,permutation_empirical_p,null_abs_rho_q95,null_abs_rho_q99,passes_spatial_null_95,passes_spatial_null_99,negative_control_empirical_p,negative_control_abs_rho_q95,negative_control_abs_rho_q99,passes_negative_control_95,passes_negative_control_99
basal_squamous_state,endocrine_epithelial_identity,embedding__plip_017,0.2950240606303437,0.2950240606303437,0.00028615208325987314,147,"structure,x,y,boundary_distance,log_total_counts",0.18313733328631882,1,0.1111111111111111,0.08633727707602064,0.08783197550309751,True,True,0.1111111111111111,0.13978331255437068,0.15124278467576618,True,True
immune_activation,immune_ecology,embedding__plip_054,-0.24808769201828673,0.24808769201828673,0.00244767305306894,147,"structure,x,y,boundary_distance,log_total_counts",0.38921423019625295,4,0.1111111111111111,0.17573745360406112,0.20228998476977242,True,True,0.1111111111111111,0.14168972532280313,0.14889812575991176,True,True
emt_invasive_front,invasion_boundary_emt,embedding__plip_050,-0.20883372302934758,0.20883372302934758,0.011135687762524124,147,"structure,x,y,boundary_distance,log_total_counts",0.49652281302397205,12,,,,,,,,,,
unfolded_protein_response,metabolic_stress,embedding__plip_016,-0.20278651893979854,0.20278651893979854,0.013765841247281592,147,"structure,x,y,boundary_distance,log_total_counts",0.49652281302397205,17,,,,,,,,,,
collagen_ecm_organization,stromal_remodeling_caf_ecm,embedding__plip_050,-0.21808058495177637,0.21808058495177637,0.0079654272729317,147,"structure,x,y,boundary_distance,log_total_counts",0.48914822777518707,10,0.1111111111111111,0.10555859160341952,0.10928212040345689,True,True,0.1111111111111111,0.15099333497432516,0.15668708264175987,True,True
