pathway,family,image_feature,partial_spearman_rho,abs_partial_spearman_rho,p_value,n_observations,covariates,fdr,rank,permutation_empirical_p,null_abs_rho_q95,null_abs_rho_q99,passes_spatial_null_95,passes_spatial_null_99,negative_control_empirical_p,negative_control_abs_rho_q95,negative_control_abs_rho_q99,passes_negative_control_95,passes_negative_control_99
luminal_estrogen_response,endocrine_epithelial_identity,image__he_lowres_x,-0.03651059171789159,0.03651059171789159,0.06796706229651044,2500,"structure,x,y,boundary_distance,log_total_counts",0.894725102187115,7,0.2222222222222222,0.038509245290964285,0.04065982085821391,False,False,0.2222222222222222,0.046637209559809746,0.051631829177025836,False,False
immune_activation,immune_ecology,image__he_local_contrast,0.027182947334830596,0.027182947334830596,0.1742357464011117,2500,"structure,x,y,boundary_distance,log_total_counts",0.894725102187115,13,,,,,,,,,,
emt_invasive_front,invasion_boundary_emt,image__he_eosin_proxy,-0.04123366722217149,0.04123366722217149,0.03925259904710522,2500,"structure,x,y,boundary_distance,log_total_counts",0.894725102187115,2,0.3333333333333333,0.06071268488824884,0.06184906972551717,False,False,0.2222222222222222,0.03602563457544457,0.04392794212924352,True,False
unfolded_protein_response,metabolic_stress,image__he_lowres_x,-0.07371091964158687,0.07371091964158687,0.00022538385222770866,2500,"structure,x,y,boundary_distance,log_total_counts",0.022538385222770865,1,0.1111111111111111,0.0442830631847009,0.05111074932151054,True,True,0.1111111111111111,0.03555627794705802,0.03836838788855392,True,True
myofibroblast_caf_activation,stromal_remodeling_caf_ecm,image__he_eosin_proxy,0.032921609335040396,0.032921609335040396,0.09982485729210325,2500,"structure,x,y,boundary_distance,log_total_counts",0.894725102187115,8,0.4444444444444444,0.03796679381867437,0.03855780489328797,False,False,0.2222222222222222,0.03398405616272231,0.03800717464114204,False,False
