pathway,family,image_feature,partial_spearman_rho,abs_partial_spearman_rho,p_value,n_observations,covariates,fdr,rank,permutation_empirical_p,null_abs_rho_q95,null_abs_rho_q99,passes_spatial_null_95,passes_spatial_null_99,negative_control_empirical_p,negative_control_abs_rho_q95,negative_control_abs_rho_q99,passes_negative_control_95,passes_negative_control_99
basal_squamous_state,endocrine_epithelial_identity,embedding__plip_043,0.22414063421594338,0.22414063421594338,0.008964616275879482,135,"structure,x,y,boundary_distance,log_total_counts",0.3390227144108353,14,,,,,,,,,,
immune_exclusion,immune_ecology,embedding__plip_047,-0.33769331218936527,0.33769331218936527,6.189386390431978e-05,135,"structure,x,y,boundary_distance,log_total_counts",0.02574613727987992,1,0.030303030303030304,0.18804893893400995,0.2397172250617663,True,True,0.030303030303030304,0.23720297240357532,0.2390429467259778,True,True
emt_invasive_front,invasion_boundary_emt,embedding__plip_005,0.22080199467120165,0.22080199467120165,0.010068280280087188,135,"structure,x,y,boundary_distance,log_total_counts",0.3390227144108353,19,,,,,,,,,,
oxidative_phosphorylation,metabolic_stress,embedding__plip_032,-0.28185880703355054,0.28185880703355054,0.0009267721714480128,135,"structure,x,y,boundary_distance,log_total_counts",0.1737965385387163,3,0.030303030303030304,0.17654742658050784,0.19971862359093617,True,True,0.030303030303030304,0.2258771978857548,0.25198152512831334,True,True
collagen_ecm_organization,stromal_remodeling_caf_ecm,embedding__plip_043,-0.33273486531297397,0.33273486531297397,8.045667899962474e-05,135,"structure,x,y,boundary_distance,log_total_counts",0.02574613727987992,2,0.030303030303030304,0.16690612063165305,0.18082905176883618,True,True,0.030303030303030304,0.2377880041678208,0.2591899277308233,True,True
