pathway,family,image_feature,partial_spearman_rho,abs_partial_spearman_rho,p_value,n_observations,covariates,fdr,rank,permutation_empirical_p,null_abs_rho_q95,null_abs_rho_q99,passes_spatial_null_95,passes_spatial_null_99,negative_control_empirical_p,negative_control_abs_rho_q95,negative_control_abs_rho_q99,passes_negative_control_95,passes_negative_control_99
luminal_estrogen_response,endocrine_epithelial_identity,morphology__nucleus_area_log1p,-0.2103473602288161,0.2103473602288161,2.1320188532896748e-26,2500,"structure,x,y,boundary_distance,log_total_counts",3.1980282799345123e-25,4,0.1111111111111111,0.032993228380427786,0.037280405318822527,True,True,0.1111111111111111,0.11157826055137253,0.1280510825493547,True,True
immune_exclusion,immune_ecology,morphology__cell_area_log1p,0.22814136033033383,0.22814136033033383,7.041429979248134e-31,2500,"structure,x,y,boundary_distance,log_total_counts",4.22485798754888e-29,1,0.1111111111111111,0.022227219540288296,0.02223255785945932,True,True,0.1111111111111111,0.10511417258759045,0.11631639792685142,True,True
emt_invasive_front,invasion_boundary_emt,morphology__cell_area_log1p,0.21550103992958808,0.21550103992958808,1.1788009114075323e-27,2500,"structure,x,y,boundary_distance,log_total_counts",2.3576018228150647e-26,3,0.1111111111111111,0.03762843765285974,0.045559705872430106,True,True,0.1111111111111111,0.1108219928805189,0.1310853893494324,True,True
unfolded_protein_response,metabolic_stress,morphology__nucleus_area_log1p,-0.19330073606310721,0.19330073606310721,1.8030221071545451e-22,2500,"structure,x,y,boundary_distance,log_total_counts",1.352266580365909e-21,8,0.1111111111111111,0.019208322539948797,0.01968422017262225,True,True,0.1111111111111111,0.11051183108057921,0.1302917478004088,True,True
collagen_ecm_organization,stromal_remodeling_caf_ecm,morphology__cell_area_log1p,0.2221570267530558,0.2221570267530558,2.5050400552721002e-29,2500,"structure,x,y,boundary_distance,log_total_counts",7.5151201658163e-28,2,0.1111111111111111,0.023678782558355326,0.026384459539469014,True,True,0.1111111111111111,0.13719379716336935,0.14636892720504308,True,True
