pathway,family,image_feature,partial_spearman_rho,abs_partial_spearman_rho,p_value,n_observations,covariates,fdr,rank,permutation_empirical_p,null_abs_rho_q95,null_abs_rho_q99,passes_spatial_null_95,passes_spatial_null_99,negative_control_empirical_p,negative_control_abs_rho_q95,negative_control_abs_rho_q99,passes_negative_control_95,passes_negative_control_99
epithelial_identity,endocrine_epithelial_identity,image__he_eosin_proxy,0.19453649951758245,0.19453649951758245,0.004664171211616495,210,"structure,x,y,boundary_distance,log_total_counts",0.09328342423232991,4,0.1111111111111111,0.08725971788020681,0.09080500511406589,True,True,0.1111111111111111,0.163735989907833,0.17437388189102196,True,True
immune_exclusion,immune_ecology,image__he_eosin_proxy,-0.2045959986150609,0.2045959986150609,0.002894217288305229,210,"structure,x,y,boundary_distance,log_total_counts",0.09328342423232991,2,0.1111111111111111,0.0616104567066089,0.06421001986592298,True,True,0.1111111111111111,0.15471948373827937,0.16530114369410048,True,True
emt_invasive_front,invasion_boundary_emt,image__he_eosin_proxy,-0.23891535991562707,0.23891535991562707,0.00047895406139021824,210,"structure,x,y,boundary_distance,log_total_counts",0.03831632491121746,1,0.1111111111111111,0.07425777521542942,0.0768283238548499,True,True,0.1111111111111111,0.18836330190088243,0.20362497064556895,True,True
unfolded_protein_response,metabolic_stress,image__he_eosin_proxy,0.1693818412199022,0.1693818412199022,0.013982591422916555,210,"structure,x,y,boundary_distance,log_total_counts",0.1419803950566541,7,0.1111111111111111,0.10278575420317829,0.11418459623568945,True,True,0.1111111111111111,0.1479463652496584,0.16092971496978942,True,True
collagen_ecm_organization,stromal_remodeling_caf_ecm,image__he_eosin_proxy,-0.1997627155180921,0.1997627155180921,0.003650122394524984,210,"structure,x,y,boundary_distance,log_total_counts",0.09328342423232991,3,0.1111111111111111,0.09512220464607898,0.11054275448528221,True,True,0.1111111111111111,0.08731544935555044,0.11017137407203516,True,True
