pathway,family,image_feature,partial_spearman_rho,abs_partial_spearman_rho,p_value,n_observations,covariates,fdr,rank,permutation_empirical_p,null_abs_rho_q95,null_abs_rho_q99,passes_spatial_null_95,passes_spatial_null_99,negative_control_empirical_p,negative_control_abs_rho_q95,negative_control_abs_rho_q99,passes_negative_control_95,passes_negative_control_99
luminal_estrogen_response,endocrine_epithelial_identity,embedding__plip_039,0.2900097427183454,0.2900097427183454,0.0006451065377891904,135,"structure,x,y,boundary_distance,log_total_counts",0.16874941811725006,1,0.030303030303030304,0.16205199484654045,0.1967995749581838,True,True,0.06060606060606061,0.24345088092734712,0.29828653659457993,True,False
immune_exclusion,immune_ecology,embedding__plip_045,-0.2854522948942853,0.2854522948942853,0.0007910128974246096,135,"structure,x,y,boundary_distance,log_total_counts",0.16874941811725006,3,0.030303030303030304,0.22491247635252504,0.2568041601330399,True,True,0.06060606060606061,0.21226912179449164,0.27840370082244165,True,True
emt_invasive_front,invasion_boundary_emt,embedding__plip_063,-0.2276631362091151,0.2276631362091151,0.007917312621058195,135,"structure,x,y,boundary_distance,log_total_counts",0.31292720731564383,16,,,,,,,,,,
unfolded_protein_response,metabolic_stress,embedding__plip_009,-0.2576724012334651,0.2576724012334651,0.0025515362743397728,135,"structure,x,y,boundary_distance,log_total_counts",0.29022106975406187,5,0.030303030303030304,0.19053662386076314,0.23226854630935154,True,True,0.06060606060606061,0.22738801716775456,0.25829245703691267,True,False
myofibroblast_caf_activation,stromal_remodeling_caf_ecm,embedding__plip_035,0.2883179306795509,0.2883179306795509,0.0006961060545412545,135,"structure,x,y,boundary_distance,log_total_counts",0.16874941811725006,2,0.030303030303030304,0.1463686538423634,0.16753249340074203,True,True,0.030303030303030304,0.2050095377920505,0.22250262965846523,True,True
