pathway,family,image_feature,partial_spearman_rho,abs_partial_spearman_rho,p_value,n_observations,covariates,fdr,rank,permutation_empirical_p,null_abs_rho_q95,null_abs_rho_q99,passes_spatial_null_95,passes_spatial_null_99,negative_control_empirical_p,negative_control_abs_rho_q95,negative_control_abs_rho_q99,passes_negative_control_95,passes_negative_control_99
epithelial_identity,endocrine_epithelial_identity,embedding__plip_003,-0.19020000477917773,0.19020000477917773,0.01667999819095664,158,"structure,x,y,boundary_distance,log_total_counts",0.9238319545996608,2,0.1111111111111111,0.1111815259988086,0.1187990854769788,True,True,0.1111111111111111,0.15856094508853535,0.15953151082344474,True,True
immune_activation,immune_ecology,embedding__plip_009,-0.10046551513157129,0.10046551513157129,0.20912143245184722,158,"structure,x,y,boundary_distance,log_total_counts",0.9238319545996608,27,,,,,,,,,,
emt_invasive_front,invasion_boundary_emt,embedding__plip_007,-0.12630370112355857,0.12630370112355857,0.11379887570920413,158,"structure,x,y,boundary_distance,log_total_counts",0.9238319545996608,9,0.1111111111111111,0.11190587649049372,0.12326345528384311,True,True,0.1111111111111111,0.07918258525782382,0.0810768199009969,True,True
oxidative_phosphorylation,metabolic_stress,embedding__plip_012,0.17445904257294836,0.17445904257294836,0.028354628404971795,158,"structure,x,y,boundary_distance,log_total_counts",0.9238319545996608,3,0.1111111111111111,0.14116178146604788,0.16516371730989804,True,True,0.2222222222222222,0.13914259533042025,0.17207514719505085,True,True
myofibroblast_caf_activation,stromal_remodeling_caf_ecm,embedding__plip_013,-0.2026259576652174,0.2026259576652174,0.010671128092189782,158,"structure,x,y,boundary_distance,log_total_counts",0.9238319545996608,1,0.1111111111111111,0.10437388190806421,0.10913587913277506,True,True,0.1111111111111111,0.122526252745685,0.12595650868581135,True,True
