pathway,family,image_feature,partial_spearman_rho,abs_partial_spearman_rho,p_value,n_observations,covariates,fdr,rank,permutation_empirical_p,null_abs_rho_q95,null_abs_rho_q99,passes_spatial_null_95,passes_spatial_null_99,negative_control_empirical_p,negative_control_abs_rho_q95,negative_control_abs_rho_q99,passes_negative_control_95,passes_negative_control_99
luminal_estrogen_response,endocrine_epithelial_identity,embedding__plip_011,-0.227408766436992,0.227408766436992,0.0056050012323335995,147,"structure,x,y,boundary_distance,log_total_counts",0.298933399057792,3,0.1111111111111111,0.10867657590355641,0.1114146655637652,True,True,0.1111111111111111,0.1743335344021064,0.1788155948539162,True,True
immune_activation,immune_ecology,embedding__plip_013,-0.24084154278636402,0.24084154278636402,0.003298034006385094,147,"structure,x,y,boundary_distance,log_total_counts",0.29191067264718973,1,0.2222222222222222,0.24789941484792505,0.25830528177897166,False,False,0.1111111111111111,0.1363157562067687,0.14562245035968052,True,True
emt_invasive_front,invasion_boundary_emt,embedding__plip_011,0.20708196592994368,0.20708196592994368,0.011847883161019855,147,"structure,x,y,boundary_distance,log_total_counts",0.4739153264407942,4,0.1111111111111111,0.14223082561418945,0.14532503410539593,True,True,0.1111111111111111,0.11546962939217574,0.13070956688691837,True,True
oxidative_phosphorylation,metabolic_stress,embedding__plip_002,0.1467622733760948,0.1467622733760948,0.07609203782252215,147,"structure,x,y,boundary_distance,log_total_counts",0.5904107293936817,20,,,,,,,,,,
collagen_ecm_organization,stromal_remodeling_caf_ecm,embedding__plip_015,-0.16906648214342798,0.16906648214342798,0.04064987901050968,147,"structure,x,y,boundary_distance,log_total_counts",0.5485513064601703,10,0.1111111111111111,0.11413929165106143,0.11564277492873697,True,True,0.3333333333333333,0.20062826004807546,0.20328019315074145,False,False
