axis_id	contamination_marker_mean	contamination_marker_detection	contamination_marker_n	endothelial_marker_mean	endothelial_marker_detection	endothelial_marker_n	contamination_to_endothelial_ratio	contamination_flag
VWF-SELP|Endothelial Cells->Endothelial Cells	0.05890538077801466	0.024628942486085346	5	2.5959966480731964	0.684963474025974	8	0.022690853943026265	False
VWF-LRP1|Endothelial Cells->CAFs, DCIS Associated	0.026129559427499772	0.01609508256214843	5	0.717039417475462	0.20992484727514668	8	0.036440896819168185	False
MMRN2-CD93|Endothelial Cells->Endothelial Cells	0.05890538077801466	0.024628942486085346	5	2.5959966480731964	0.684963474025974	8	0.022690853943026265	False
DLL4-NOTCH3|Endothelial Cells->Pericytes	0.04168511740863323	0.01809586499910239	5	1.6176096498966217	0.4904778289749267	8	0.02576957760563387	False
CXCL12-CXCR4|CAFs, DCIS Associated->T Lymphocytes	0.01597042493522167	0.014516327788046826	5	0.060339648043736815	0.047238909426987066	8	0.2646754738053097	False
CD48-CD2|T Lymphocytes->T Lymphocytes	0.020254427567124367	0.018882514342728862	5	0.07943065511062741	0.06225056123721627	8	0.2549950965268374	False
JAG1-NOTCH2|11q13 Invasive Tumor Cells->11q13 Invasive Tumor Cells	0.013545505329966545	0.012730339184208883	5	0.05200395057909191	0.04524603348116684	8	0.26047069845906073	False
