axis_id	edge_count	mean_distance	median_distance	p90_distance
VWF-SELP|Endothelial Cells->Endothelial Cells	86240	76.043014780648	68.93717988356124	138.33223775288278
VWF-LRP1|Endothelial Cells->CAFs, DCIS Associated	86240	80.87535740094347	57.15353528817341	178.660086189941
MMRN2-CD93|Endothelial Cells->Endothelial Cells	86240	76.043014780648	68.93717988356124	138.33223775288278
DLL4-NOTCH3|Endothelial Cells->Pericytes	86240	84.10916634767867	78.14056887409708	151.5374911181689
CXCL12-CXCR4|CAFs, DCIS Associated->T Lymphocytes	244420	164.70706693328117	146.09120882284316	307.8334754314995
CD48-CD2|T Lymphocytes->T Lymphocytes	80180	61.10885372104814	33.60942094304036	154.61747704003622
JAG1-NOTCH2|11q13 Invasive Tumor Cells->11q13 Invasive Tumor Cells	640360	18.888647018391925	17.47750226471102	28.465688513696342
