axis_id	observed_cross_edge_count	expected_cross_edge_count_abundance_null	cross_edge_enrichment_fold	cross_edge_enrichment_z	cross_edge_enrichment_p_approx	local_contact	contact_coverage	within_sender_receiver_rank	within_sender_receiver_n	within_sender_receiver_percentile	within_lr_pair_rank	within_lr_pair_n	within_lr_pair_percentile
VWF-SELP|Endothelial Cells->Endothelial Cells	12779	3498.750466020217	3.652446816116025	157.09499064265975	0.0	0.2912449657481761	0.1111198059316065	1	3299	1.0	1	400	1.0
VWF-LRP1|Endothelial Cells->CAFs, DCIS Associated	13942	9916.101448337911	1.4059961036740796	40.577088952341676	0.0	0.3461937505325735	0.1319036006311863	1	3299	1.0	1	400	1.0
MMRN2-CD93|Endothelial Cells->Endothelial Cells	12779	3498.750466020217	3.652446816116025	157.09499064265975	0.0	0.1484661470807383	0.0288754988653259	5	3299	0.9987875113670809	1	400	1.0
DLL4-NOTCH3|Endothelial Cells->Pericytes	11379	3280.889960425034	3.4682662744732435	141.55074144031974	0.0	0.135465098207694	0.0303190087002372	1	3299	1.0	1	400	1.0
CXCL12-CXCR4|CAFs, DCIS Associated->T Lymphocytes	11604	9219.306750089676	1.258662968328625	24.92068208259856	2.220471678964988e-137	0.1684304172162009	0.0450706652878317	2	3299	0.9996968778417702	1	400	1.0
CD48-CD2|T Lymphocytes->T Lymphocytes	21212	3024.318857794739	7.0138107115687145	331.09056328473696	0.0	0.1241603897223811	0.0154158023760135	1	3299	1.0	1	400	1.0
JAG1-NOTCH2|11q13 Invasive Tumor Cells->11q13 Invasive Tumor Cells	423716	192905.1692550145	2.1964989410929725	567.2684147856648	0.0	0.1231934200799743	0.0168391092146626	10	3299	0.9972719005759321	1	400	1.0
