axis_id	matched_gene_status	n_controls	observed_expression_specificity_score	control_mean	control_sd	matched_gene_z	matched_gene_percentile
VWF-SELP|Endothelial Cells->Endothelial Cells	success	250	0.690919789894645	0.1174789121765555	0.08590980609453787	6.674917611699146	1.0
VWF-LRP1|Endothelial Cells->CAFs, DCIS Associated	success	250	0.8904867455342288	0.1132557384471686	0.06918144236447345	11.234674798948532	1.0
MMRN2-CD93|Endothelial Cells->Endothelial Cells	success	250	0.7291144166273554	0.13022764647610297	0.09662146729412627	6.198278570208171	1.0
DLL4-NOTCH3|Endothelial Cells->Pericytes	success	250	0.6103430039507179	0.10700066735274656	0.060629471265751134	8.301941713984622	1.0
CXCL12-CXCR4|CAFs, DCIS Associated->T Lymphocytes	success	250	0.7850757124806441	0.1029738649850631	0.06079893118587669	11.218977606863426	1.0
CD48-CD2|T Lymphocytes->T Lymphocytes	success	250	0.5987173848132842	0.10702942070910819	0.04986335278579571	9.860708047779738	1.0
JAG1-NOTCH2|11q13 Invasive Tumor Cells->11q13 Invasive Tumor Cells	success	250	0.6593758884575077	0.6351644259334726	0.07744275561402209	0.3126368933035661	0.576
