marker,mean_signal,positive_cells
Vimentin,234.76998901367188,455851
CD45,206.9364776611328,446921
PTEN,149.33535766601562,464946
CD3E,142.478271484375,285619
CD68,120.7366714477539,244801
