pathway,family,image_feature,partial_spearman_rho,abs_partial_spearman_rho,p_value,n_observations,covariates,fdr,rank,permutation_empirical_p,null_abs_rho_q95,null_abs_rho_q99,passes_spatial_null_95,passes_spatial_null_99,negative_control_empirical_p,negative_control_abs_rho_q95,negative_control_abs_rho_q99,passes_negative_control_95,passes_negative_control_99
basal_squamous_state,endocrine_epithelial_identity,image__he_local_contrast,0.12137946346991936,0.12137946346991936,0.07926764377476392,210,"structure,x,y,boundary_distance,log_total_counts",0.48780088476777794,13,,,,,,,,,,
immune_exclusion,immune_ecology,image__he_eosin_proxy,-0.16498784094244692,0.16498784094244692,0.01670881045737891,210,"structure,x,y,boundary_distance,log_total_counts",0.2227841394317188,6,0.1111111111111111,0.04347428435368254,0.050280142491014465,True,True,0.2222222222222222,0.14686270723360012,0.16452793887015388,True,True
emt_invasive_front,invasion_boundary_emt,image__he_eosin_proxy,-0.20086956950443113,0.20086956950443113,0.003462788899491185,210,"structure,x,y,boundary_distance,log_total_counts",0.2227841394317188,1,0.1111111111111111,0.12505714890398187,0.14408806110051972,True,True,0.1111111111111111,0.11582995279271903,0.1196339481681423,True,True
unfolded_protein_response,metabolic_stress,image__he_eosin_proxy,0.1707746947368942,0.1707746947368942,0.013203920123906992,210,"structure,x,y,boundary_distance,log_total_counts",0.2227841394317188,4,0.1111111111111111,0.13373170667759918,0.1339167233261072,True,True,0.1111111111111111,0.1034250875205837,0.1140926755175043,True,True
collagen_ecm_organization,stromal_remodeling_caf_ecm,image__he_eosin_proxy,-0.17790369294221045,0.17790369294221045,0.00978539040730626,210,"structure,x,y,boundary_distance,log_total_counts",0.2227841394317188,3,0.1111111111111111,0.1180507062378077,0.12215932060417206,True,True,0.1111111111111111,0.09576772507904645,0.10560468760989908,True,True
