assigned_structure,structure_id,n_tiles,n_contours,top_mean_text_label,top_mean_text_score,top_tile_label_mode,mean_text_sim_ductal_epithelium,mean_text_sim_invasive_carcinoma,mean_text_sim_in_situ_carcinoma,mean_text_sim_fibrotic_stroma,mean_text_sim_immune_infiltrate,mean_text_sim_necrosis,mean_text_sim_adipose_tissue,mean_text_sim_vascular_stroma,mean_text_sim_lumen_or_secretion
S1,1,866,48,invasive carcinoma,0.11346065253019333,immune infiltrate,0.11133690923452377,0.11346065253019333,0.11197526752948761,0.10793688893318176,0.11344943195581436,0.11248677223920822,0.10895759612321854,0.1103271096944809,0.1100694015622139
S2,2,140,37,immune infiltrate,0.11361769586801529,immune infiltrate,0.11055309325456619,0.11209585517644882,0.11107854545116425,0.10802990198135376,0.11361769586801529,0.1134636402130127,0.10931678861379623,0.11116410791873932,0.11068037897348404
S3,3,797,158,necrosis,0.11228711158037186,necrosis,0.11055725812911987,0.11076944321393967,0.11052392423152924,0.11049928516149521,0.11144314706325531,0.11228711158037186,0.11159270256757736,0.11172787845134735,0.11059922724962234
S4,4,1184,39,necrosis,0.11215248703956604,fibrotic stroma,0.11076490581035614,0.11072926968336105,0.11054866015911102,0.11107305437326431,0.11153721064329147,0.11215248703956604,0.11105655878782272,0.11172988265752792,0.1104079857468605
S5,5,127,19,immune infiltrate,0.11379072070121765,immune infiltrate,0.1121428832411766,0.11280693858861923,0.11155922710895538,0.10740575939416885,0.11379072070121765,0.11190467327833176,0.10894856601953506,0.11086958646774292,0.11057162284851074
