pathway,family,image_feature,partial_spearman_rho,abs_partial_spearman_rho,p_value,n_observations,covariates,fdr,rank,permutation_empirical_p,null_abs_rho_q95,null_abs_rho_q99,passes_spatial_null_95,passes_spatial_null_99,negative_control_empirical_p,negative_control_abs_rho_q95,negative_control_abs_rho_q99,passes_negative_control_95,passes_negative_control_99
luminal_estrogen_response,endocrine_epithelial_identity,embedding__plip_009,-0.22231698167182146,0.22231698167182146,0.00642899069870298,149,"structure,x,y,boundary_distance,log_total_counts",0.8687837171070418,4,0.1111111111111111,0.1233760641148056,0.14448535109751703,True,True,0.1111111111111111,0.1168331383372227,0.1426413439002032,True,True
immune_activation,immune_ecology,embedding__plip_006,-0.267215100651762,0.267215100651762,0.0009862416818923398,149,"structure,x,y,boundary_distance,log_total_counts",0.6311946764110975,1,0.1111111111111111,0.22888445864202572,0.25345291032042827,True,True,0.1111111111111111,0.1409286192378312,0.16402138958029602,True,True
emt_invasive_front,invasion_boundary_emt,embedding__plip_051,-0.19461582256600704,0.19461582256600704,0.017389403012761956,149,"structure,x,y,boundary_distance,log_total_counts",0.8898999691770412,8,0.1111111111111111,0.11234942786259113,0.12868101814364064,True,True,0.1111111111111111,0.16998700821604315,0.18286775524440843,True,True
oxidative_phosphorylation,metabolic_stress,embedding__plip_050,0.2501000908480938,0.2501000908480938,0.002096642442963646,149,"structure,x,y,boundary_distance,log_total_counts",0.6709255817483667,2,0.1111111111111111,0.11887236789166547,0.1382868993557499,True,True,0.1111111111111111,0.07674830999465566,0.07676159839901346,True,True
collagen_ecm_organization,stromal_remodeling_caf_ecm,embedding__plip_062,0.18268758603193425,0.18268758603193425,0.025746969365011092,149,"structure,x,y,boundary_distance,log_total_counts",0.8898999691770412,15,,,,,,,,,,
