pathway,family,image_feature,partial_spearman_rho,abs_partial_spearman_rho,p_value,n_observations,covariates,fdr,rank,permutation_empirical_p,null_abs_rho_q95,null_abs_rho_q99,passes_spatial_null_95,passes_spatial_null_99,negative_control_empirical_p,negative_control_abs_rho_q95,negative_control_abs_rho_q99,passes_negative_control_95,passes_negative_control_99
luminal_estrogen_response,endocrine_epithelial_identity,image__he_saturation_mean,-0.03337138952506109,0.03337138952506109,0.09527610761491356,2500,"structure,x,y,boundary_distance,log_total_counts",0.9979998264524618,3,0.2222222222222222,0.039162065321414564,0.042824997975090845,False,False,0.2222222222222222,0.028866563371983858,0.033139738892117895,True,True
immune_activation,immune_ecology,image__he_local_contrast,-0.04154089020558524,0.04154089020558524,0.037810583937873884,2500,"structure,x,y,boundary_distance,log_total_counts",0.9979998264524618,1,0.1111111111111111,0.028236959367749025,0.03371517837845093,True,True,0.1111111111111111,0.03194842709584761,0.03584614640788902,True,True
emt_invasive_front,invasion_boundary_emt,image__he_hematoxylin_proxy,-0.02243665208709029,0.02243665208709029,0.26211222627236436,2500,"structure,x,y,boundary_distance,log_total_counts",0.9979998264524618,11,,,,,,,,,,
oxidative_phosphorylation,metabolic_stress,image__he_b_mean,0.026074965126681737,0.026074965126681737,0.19246628106546118,2500,"structure,x,y,boundary_distance,log_total_counts",0.9979998264524618,6,0.3333333333333333,0.042731761287351316,0.04454529730446767,False,False,0.3333333333333333,0.037229948100308816,0.042031819719429,False,False
myofibroblast_caf_activation,stromal_remodeling_caf_ecm,image__he_hematoxylin_proxy,-0.023200601888461986,0.023200601888461986,0.24620924874212008,2500,"structure,x,y,boundary_distance,log_total_counts",0.9979998264524618,9,0.1111111111111111,0.019173590731463377,0.019423437925952636,True,True,0.3333333333333333,0.04290149060395335,0.046543958328494325,False,False
