pathway,family,image_feature,partial_spearman_rho,abs_partial_spearman_rho,p_value,n_observations,covariates,fdr,rank,permutation_empirical_p,null_abs_rho_q95,null_abs_rho_q99,passes_spatial_null_95,passes_spatial_null_99,negative_control_empirical_p,negative_control_abs_rho_q95,negative_control_abs_rho_q99,passes_negative_control_95,passes_negative_control_99
basal_squamous_state,endocrine_epithelial_identity,embedding__plip_038,-0.21005402272396553,0.21005402272396553,0.0007923903986593456,252,"structure,x,y,boundary_distance,log_total_counts",0.2535649275709906,2,0.07692307692307693,0.12407306388979576,0.15089856600688836,True,True,0.15384615384615385,0.15088283994939722,0.20383879619396808,True,True
immune_exclusion,immune_ecology,embedding__plip_053,0.19341389324057584,0.19341389324057584,0.0020405834729288652,252,"structure,x,y,boundary_distance,log_total_counts",0.38963514065663074,3,0.07692307692307693,0.1307600785007446,0.14417987460619425,True,True,0.07692307692307693,0.15212803892500593,0.15339598328401582,True,True
emt_invasive_front,invasion_boundary_emt,embedding__plip_053,0.12878813832334637,0.12878813832334637,0.041072357741563835,252,"structure,x,y,boundary_distance,log_total_counts",0.9094195730284308,28,,,,,,,,,,
oxidative_phosphorylation,metabolic_stress,embedding__plip_029,-0.1798124912897852,0.1798124912897852,0.00418829565503439,252,"structure,x,y,boundary_distance,log_total_counts",0.45600615889998436,5,0.07692307692307693,0.10597130516047812,0.11183317423810366,True,True,0.07692307692307693,0.11208552890335653,0.11989804334381984,True,True
collagen_ecm_organization,stromal_remodeling_caf_ecm,embedding__plip_053,0.21879818506080312,0.21879818506080312,0.00046782948508313806,252,"structure,x,y,boundary_distance,log_total_counts",0.2535649275709906,1,0.07692307692307693,0.10226568016478717,0.1053325771029172,True,True,0.07692307692307693,0.14240309109262125,0.15336348363877025,True,True
