pathway,family,image_feature,partial_spearman_rho,abs_partial_spearman_rho,p_value,n_observations,covariates,fdr,rank,permutation_empirical_p,null_abs_rho_q95,null_abs_rho_q99,passes_spatial_null_95,passes_spatial_null_99,negative_control_empirical_p,negative_control_abs_rho_q95,negative_control_abs_rho_q99,passes_negative_control_95,passes_negative_control_99
luminal_estrogen_response,endocrine_epithelial_identity,embedding__plip_058,-0.24617413060214346,0.24617413060214346,0.004285924074827033,133,"structure,x,y,boundary_distance,log_total_counts",0.5311846301319796,3,0.07692307692307693,0.17980440258500457,0.1864903456952556,True,True,0.07692307692307693,0.2232697378570675,0.2285947217077797,True,True
immune_exclusion,immune_ecology,embedding__plip_014,0.25723097469891015,0.25723097469891015,0.002798963680732689,133,"structure,x,y,boundary_distance,log_total_counts",0.5311846301319796,2,0.07692307692307693,0.13696325146014926,0.1869878689976104,True,True,0.15384615384615385,0.2275763575773067,0.25975341928797535,True,False
emt_invasive_front,invasion_boundary_emt,embedding__plip_002,-0.21464219202254095,0.21464219202254095,0.013101575884367162,133,"structure,x,y,boundary_distance,log_total_counts",0.645000658922691,13,,,,,,,,,,
unfolded_protein_response,metabolic_stress,embedding__plip_028,0.27745245840903826,0.27745245840903826,0.0012238770653580145,133,"structure,x,y,boundary_distance,log_total_counts",0.5311846301319796,1,0.07692307692307693,0.1715960375542635,0.238612230266595,True,True,0.07692307692307693,0.14575845887599817,0.15763904994465822,True,True
collagen_ecm_organization,stromal_remodeling_caf_ecm,embedding__plip_014,0.20635774600717316,0.20635774600717316,0.017168549447132194,133,"structure,x,y,boundary_distance,log_total_counts",0.6867419778852878,16,,,,,,,,,,
