pathway,family,image_feature,partial_spearman_rho,abs_partial_spearman_rho,p_value,n_observations,covariates,fdr,rank,permutation_empirical_p,null_abs_rho_q95,null_abs_rho_q99,passes_spatial_null_95,passes_spatial_null_99,negative_control_empirical_p,negative_control_abs_rho_q95,negative_control_abs_rho_q99,passes_negative_control_95,passes_negative_control_99
basal_squamous_state,endocrine_epithelial_identity,embedding__plip_013,-0.23889299699756827,0.23889299699756827,0.004933014087813457,137,"structure,x,y,boundary_distance,log_total_counts",0.29059935064982656,10,0.030303030303030304,0.1418260142052253,0.16576197135513884,True,True,0.030303030303030304,0.162329203091531,0.20291704452559484,True,True
immune_activation,immune_ecology,embedding__plip_053,-0.30594926140072953,0.30594926140072953,0.0002771020879802442,137,"structure,x,y,boundary_distance,log_total_counts",0.11415365614398422,1,0.030303030303030304,0.1675040486450579,0.19512714248412097,True,True,0.030303030303030304,0.17987474284614022,0.1919125554683704,True,True
emt_invasive_front,invasion_boundary_emt,embedding__plip_015,0.1855296526881036,0.1855296526881036,0.02996501222613927,137,"structure,x,y,boundary_distance,log_total_counts",0.5434707699456597,34,,,,,,,,,,
oxidative_phosphorylation,metabolic_stress,embedding__plip_055,0.2353291996548038,0.2353291996548038,0.0056365576863732225,137,"structure,x,y,boundary_distance,log_total_counts",0.3006164099399052,12,,,,,,,,,,
myofibroblast_caf_activation,stromal_remodeling_caf_ecm,embedding__plip_041,-0.2949184068411153,0.2949184068411153,0.0004679762621926443,137,"structure,x,y,boundary_distance,log_total_counts",0.11415365614398422,2,0.030303030303030304,0.1615162331768626,0.16855706940591925,True,True,0.030303030303030304,0.19826101214393924,0.20419331636790117,True,True
