pathway,family,image_feature,partial_spearman_rho,abs_partial_spearman_rho,p_value,n_observations,covariates,fdr,rank,permutation_empirical_p,null_abs_rho_q95,null_abs_rho_q99,passes_spatial_null_95,passes_spatial_null_99,negative_control_empirical_p,negative_control_abs_rho_q95,negative_control_abs_rho_q99,passes_negative_control_95,passes_negative_control_99
basal_squamous_state,endocrine_epithelial_identity,embedding__he_patch_projection_012,-0.15190592003718914,0.15190592003718914,0.004810648912137148,343,"structure,x,y,boundary_distance,log_total_counts",0.7142484563743553,1,0.1111111111111111,0.08319402380483938,0.08894440777824039,True,True,0.1111111111111111,0.09405679385073484,0.10990583498499577,True,True
immune_exclusion,immune_ecology,image__he_saturation_mean,-0.12983348678669165,0.12983348678669165,0.016129848567421563,343,"structure,x,y,boundary_distance,log_total_counts",0.7142484563743553,5,0.1111111111111111,0.05095612563602823,0.052799293937841135,True,True,0.1111111111111111,0.11746327190390494,0.11791744028191156,True,True
emt_invasive_front,invasion_boundary_emt,image__he_r_mean,-0.07090404547808382,0.07090404547808382,0.19019008709352694,343,"structure,x,y,boundary_distance,log_total_counts",0.9240393533936571,91,,,,,,,,,,
unfolded_protein_response,metabolic_stress,image__he_hematoxylin_proxy,0.13451582044821597,0.13451582044821597,0.012648479426368467,343,"structure,x,y,boundary_distance,log_total_counts",0.7142484563743553,2,0.1111111111111111,0.07982890642342881,0.08995052188315526,True,True,0.1111111111111111,0.10106337451734988,0.12584971028802558,True,True
collagen_ecm_organization,stromal_remodeling_caf_ecm,embedding__he_patch_projection_012,0.12824541923171529,0.12824541923171529,0.01748778737148882,343,"structure,x,y,boundary_distance,log_total_counts",0.7142484563743553,7,0.1111111111111111,0.05529024964587299,0.05950147657500536,True,True,0.1111111111111111,0.08139590683365078,0.10180116377330706,True,True
